{
    "name": "Aero Тёмная",
    "widget": "background-color: #1a2b3c; color: #e0e0e0;",
    "QMainWindow": "background-color: #1a2b3c;",
    "QDialog": "background-color: #1a2b3c;",
    "QWidget": "background-color: #1a2b3c; color: #e0e0e0;",
    "QFrame": "background-color: #1a2b3c;",
    "QLabel": "color: #e0e0e0; font-weight: normal; background-color: transparent;",
    "QPushButton": "background: qlineargradient(x1:0, y1:0, x2:0, y2:1, stop:0 #2d435c, stop:0.5 #24374d, stop:0.51 #1e2e40, stop:1 #182533); color: #e0e0e0; border: 1px solid #3a5a7a; border-radius: 4px; padding: 5px 12px; font-weight: bold; min-height: 24px;",
    "QPushButton:hover": "background: qlineargradient(x1:0, y1:0, x2:0, y2:1, stop:0 #354f6c, stop:0.5 #2c435b, stop:0.51 #253a4f, stop:1 #1e3041); border: 1px solid #4a6a8a;",
    "QPushButton:pressed": "background: qlineargradient(x1:0, y1:0, x2:0, y2:1, stop:0 #1e3041, stop:0.5 #182533, stop:0.51 #121c26, stop:1 #0c131a); border: 1px solid #2a4a6a; padding: 6px 11px 4px 13px;",
    "QToolBar": "background: qlineargradient(x1:0, y1:0, x2:0, y2:1, stop:0 #222f3e, stop:1 #1a2533); border: 1px solid #3a5a7a; border-top: none; padding: 3px; spacing: 2px;",
    "QMenuBar": "background: qlineargradient(x1:0, y1:0, x2:0, y2:1, stop:0 #2a3746, stop:1 #222f3e); color: #e0e0e0; border-bottom: 1px solid #3a5a7a; padding: 2px;",
    "QMenuBar::item": "background: transparent; padding: 4px 8px;",
    "QMenuBar::item:selected": "background: qlineargradient(x1:0, y1:0, x2:0, y2:1, stop:0 #354f6c, stop:0.5 #2c435b, stop:1 #253a4f); border: 1px solid #4a6a8a; border-radius: 3px;",
    "QMenu": "background-color: #253447; color: #e0e0e0; border: 1px solid #3a5a7a; border-radius: 4px; padding: 4px;",
    "QMenu::item": "padding: 4px 24px 4px 8px;",
    "QMenu::item:selected": "background: qlineargradient(x1:0, y1:0, x2:0, y2:1, stop:0 #354f6c, stop:1 #2c435b); border-radius: 3px;",
    "QLineEdit": "background-color: #2a3746; color: #e0e0e0; border: 1px solid #3a5a7a; border-radius: 3px; padding: 4px; selection-background-color: #3399ff;",
    "QTextEdit": "background-color: #2a3746; color: #e0e0e0; border: 1px solid #3a5a7a; border-radius: 3px;",
    "QPlainTextEdit": "background-color: #2a3746; color: #e0e0e0; border: 1px solid #3a5a7a; border-radius: 3px;",
    "QComboBox": "background: qlineargradient(x1:0, y1:0, x2:0, y2:1, stop:0 #2d435c, stop:0.5 #24374d, stop:1 #1e2e40); color: #e0e0e0; border: 1px solid #3a5a7a; border-radius: 3px; padding: 3px;",
    "QComboBox::drop-down": "border-left: 1px solid #3a5a7a; width: 20px; border-top-right-radius: 3px; border-bottom-right-radius: 3px;",
    "QComboBox::down-arrow": "image: none; border: none;",
    "QSpinBox": "background-color: #2a3746; color: #e0e0e0; border: 1px solid #3a5a7a; border-radius: 3px;",
    "QDoubleSpinBox": "background-color: #2a3746; color: #e0e0e0; border: 1px solid #3a5a7a; border-radius: 3px;",
    "QScrollBar:vertical": "background: #253447; border: 1px solid #3a5a7a; border-radius: 6px; width: 16px; margin: 16px 0px 16px 0px;",
    "QScrollBar::handle:vertical": "background: qlineargradient(x1:0, y1:0, x2:1, y2:0, stop:0 #3a5a7a, stop:0.5 #2d4a65, stop:1 #223a52); border: 1px solid #4a6a8a; border-radius: 6px; min-height: 30px;",
    "QScrollBar::handle:vertical:hover": "background: qlineargradient(x1:0, y1:0, x2:1, y2:0, stop:0 #4a6a8a, stop:0.5 #3a5a7a, stop:1 #2d4a65);",
    "QScrollBar::add-line:vertical, QScrollBar::sub-line:vertical": "background: #2a3746; border: 1px solid #3a5a7a; border-radius: 6px; height: 16px;",
    "QScrollBar:horizontal": "background: #253447; border: 1px solid #3a5a7a; border-radius: 6px; height: 16px; margin: 0px 16px 0px 16px;",
    "QScrollBar::handle:horizontal": "background: qlineargradient(x1:0, y1:0, x2:0, y2:1, stop:0 #3a5a7a, stop:0.5 #2d4a65, stop:1 #223a52); border: 1px solid #4a6a8a; border-radius: 6px; min-width: 30px;",
    "QTabWidget::pane": "border: 1px solid #3a5a7a; border-radius: 4px; background-color: #253447; margin-top: -1px;",
    "QTabBar::tab": "background: qlineargradient(x1:0, y1:0, x2:0, y2:1, stop:0 #2a3746, stop:1 #1e2a38); color: #e0e0e0; border: 1px solid #3a5a7a; border-bottom: none; border-top-left-radius: 4px; border-top-right-radius: 4px; padding: 6px 12px; margin-right: 2px;",
    "QTabBar::tab:selected": "background: #253447; border-bottom: 1px solid #253447;",
    "QTabBar::tab:hover": "background: qlineargradient(x1:0, y1:0, x2:0, y2:1, stop:0 #354f6c, stop:1 #2c435b);",
    "QListWidget": "background-color: #2a3746; color: #e0e0e0; border: 1px solid #3a5a7a; border-radius: 3px; alternate-background-color: #253447;",
    "QTreeWidget": "background-color: #2a3746; color: #e0e0e0; border: 1px solid #3a5a7a; border-radius: 3px; alternate-background-color: #253447;",
    "QTableWidget": "background-color: #2a3746; color: #e0e0e0; border: 1px solid #3a5a7a; border-radius: 3px; alternate-background-color: #253447;",
    "QHeaderView::section": "background: qlineargradient(x1:0, y1:0, x2:0, y2:1, stop:0 #354f6c, stop:0.5 #2c435b, stop:1 #253a4f); color: #e0e0e0; border: 1px solid #3a5a7a; padding: 5px; font-weight: bold;",
    "QProgressBar": "border: 1px solid #3a5a7a; border-radius: 3px; text-align: center; background-color: #253447;",
    "QProgressBar::chunk": "background-color: #3399ff; border-radius: 2px;",
    "QCheckBox": "color: #e0e0e0; spacing: 5px;",
    "QCheckBox::indicator": "width: 13px; height: 13px;",
    "QRadioButton": "color: #e0e0e0; spacing: 5px;",
    "QRadioButton::indicator": "width: 13px; height: 13px;",
    "QGroupBox": "color: #e0e0e0; border: 1px solid #3a5a7a; border-radius: 5px; margin-top: 10px; padding-top: 10px; background-color: #253447;",
    "QGroupBox::title": "subcontrol-origin: margin; left: 10px; padding: 0 5px 0 5px; color: #e0e0e0;",
    "QSlider::groove:horizontal": "border: 1px solid #3a5a7a; height: 6px; background: #253447; border-radius: 3px;",
    "QSlider::handle:horizontal": "background: qlineargradient(x1:0, y1:0, x2:0, y2:1, stop:0 #3a5a7a, stop:0.5 #2d4a65, stop:1 #223a52); border: 1px solid #4a6a8a; width: 18px; margin: -6px 0; border-radius: 3px;",
    "QSlider::groove:vertical": "border: 1px solid #3a5a7a; width: 6px; background: #253447; border-radius: 3px;",
    "QSlider::handle:vertical": "background: qlineargradient(x1:0, y1:0, x2:0, y2:1, stop:0 #3a5a7a, stop:0.5 #2d4a65, stop:1 #223a52); border: 1px solid #4a6a8a; height: 18px; margin: 0 -6px; border-radius: 3px;",
    "QDockWidget": "background-color: #1a2b3c; color: #e0e0e0; border: 1px solid #3a5a7a;",
    "QDockWidget::title": "background: qlineargradient(x1:0, y1:0, x2:0, y2:1, stop:0 #2a3746, stop:1 #1e2a38); padding: 3px;",
    "palette": {
        "window": "#1a2b3c",
        "window_text": "#e0e0e0",
        "base": "#2a3746",
        "alternate_base": "#253447",
        "text": "#e0e0e0",
        "button": "#24374d",
        "button_text": "#e0e0e0",
        "bright_text": "#ffffff",
        "highlight": "#3399ff",
        "highlighted_text": "#ffffff",
        "link": "#66b3ff",
        "link_visited": "#c299ff"
    }
}
