{
    "name": "Aero Светлая",
    "widget": "background-color: #f0f5ff; color: #000000;",
    "QMainWindow": "background-color: #f0f5ff;",
    "QDialog": "background-color: #f0f5ff;",
    "QWidget": "background-color: #f0f5ff; color: #000000;",
    "QFrame": "background-color: #f0f5ff;",
    "QLabel": "color: #000000; font-weight: normal; background-color: transparent;",
    "QPushButton": "background: qlineargradient(x1:0, y1:0, x2:0, y2:1, stop:0 #f9fcff, stop:0.5 #e7f2ff, stop:0.51 #d4e7ff, stop:1 #c0dcff); color: #000000; border: 1px solid #8cb4e0; border-radius: 4px; padding: 5px 12px; font-weight: bold; min-height: 24px;",
    "QPushButton:hover": "background: qlineargradient(x1:0, y1:0, x2:0, y2:1, stop:0 #ffffff, stop:0.5 #edf6ff, stop:0.51 #dcedff, stop:1 #cae2ff); border: 1px solid #7ca8d8;",
    "QPushButton:pressed": "background: qlineargradient(x1:0, y1:0, x2:0, y2:1, stop:0 #d4e7ff, stop:0.5 #c0dcff, stop:0.51 #add1ff, stop:1 #9ac6ff); border: 1px solid #6c9cd0; padding: 6px 11px 4px 13px;",
    "QToolBar": "background: qlineargradient(x1:0, y1:0, x2:0, y2:1, stop:0 #f0f7ff, stop:1 #e0efff); border: 1px solid #a5c7e7; border-top: none; padding: 3px; spacing: 2px;",
    "QMenuBar": "background: qlineargradient(x1:0, y1:0, x2:0, y2:1, stop:0 #f5faff, stop:1 #e5f2ff); color: #000000; border-bottom: 1px solid #a5c7e7; padding: 2px;",
    "QMenuBar::item": "background: transparent; padding: 4px 8px;",
    "QMenuBar::item:selected": "background: qlineargradient(x1:0, y1:0, x2:0, y2:1, stop:0 #ffffff, stop:0.5 #e8f4ff, stop:1 #d4e9ff); border: 1px solid #a5c7e7; border-radius: 3px;",
    "QMenu": "background-color: #f8fbff; color: #000000; border: 1px solid #a5c7e7; border-radius: 4px; padding: 4px;",
    "QMenu::item": "padding: 4px 24px 4px 8px;",
    "QMenu::item:selected": "background: qlineargradient(x1:0, y1:0, x2:0, y2:1, stop:0 #e3f0ff, stop:1 #cfe5ff); border-radius: 3px;",
    "QLineEdit": "background-color: white; color: #000000; border: 1px solid #a5c7e7; border-radius: 3px; padding: 4px; selection-background-color: #3399ff;",
    "QTextEdit": "background-color: white; color: #000000; border: 1px solid #a5c7e7; border-radius: 3px;",
    "QPlainTextEdit": "background-color: white; color: #000000; border: 1px solid #a5c7e7; border-radius: 3px;",
    "QComboBox": "background: qlineargradient(x1:0, y1:0, x2:0, y2:1, stop:0 #ffffff, stop:0.5 #f5f9ff, stop:1 #ebf3ff); color: #000000; border: 1px solid #a5c7e7; border-radius: 3px; padding: 3px;",
    "QComboBox::drop-down": "border-left: 1px solid #a5c7e7; width: 20px; border-top-right-radius: 3px; border-bottom-right-radius: 3px;",
    "QComboBox::down-arrow": "image: none; border: none;",
    "QSpinBox": "background-color: white; color: #000000; border: 1px solid #a5c7e7; border-radius: 3px;",
    "QDoubleSpinBox": "background-color: white; color: #000000; border: 1px solid #a5c7e7; border-radius: 3px;",
    "QScrollBar:vertical": "background: #e8f2ff; border: 1px solid #a5c7e7; border-radius: 6px; width: 16px; margin: 16px 0px 16px 0px;",
    "QScrollBar::handle:vertical": "background: qlineargradient(x1:0, y1:0, x2:1, y2:0, stop:0 #d4e7ff, stop:0.5 #c0dcff, stop:1 #add1ff); border: 1px solid #8cb4e0; border-radius: 6px; min-height: 30px;",
    "QScrollBar::handle:vertical:hover": "background: qlineargradient(x1:0, y1:0, x2:1, y2:0, stop:0 #c0dcff, stop:0.5 #add1ff, stop:1 #9ac6ff);",
    "QScrollBar::add-line:vertical, QScrollBar::sub-line:vertical": "background: #ebf3fc; border: 1px solid #a5c7e7; border-radius: 6px; height: 16px;",
    "QScrollBar:horizontal": "background: #e8f2ff; border: 1px solid #a5c7e7; border-radius: 6px; height: 16px; margin: 0px 16px 0px 16px;",
    "QScrollBar::handle:horizontal": "background: qlineargradient(x1:0, y1:0, x2:0, y2:1, stop:0 #d4e7ff, stop:0.5 #c0dcff, stop:1 #add1ff); border: 1px solid #8cb4e0; border-radius: 6px; min-width: 30px;",
    "QTabWidget::pane": "border: 1px solid #a5c7e7; border-radius: 4px; background-color: #f8fbff; margin-top: -1px;",
    "QTabBar::tab": "background: qlineargradient(x1:0, y1:0, x2:0, y2:1, stop:0 #f0f7ff, stop:1 #e0efff); color: #000000; border: 1px solid #a5c7e7; border-bottom: none; border-top-left-radius: 4px; border-top-right-radius: 4px; padding: 6px 12px; margin-right: 2px;",
    "QTabBar::tab:selected": "background: #f8fbff; border-bottom: 1px solid #f8fbff;",
    "QTabBar::tab:hover": "background: qlineargradient(x1:0, y1:0, x2:0, y2:1, stop:0 #ffffff, stop:1 #e8f2ff);",
    "QListWidget": "background-color: white; color: #000000; border: 1px solid #a5c7e7; border-radius: 3px; alternate-background-color: #f5f9ff;",
    "QTreeWidget": "background-color: white; color: #000000; border: 1px solid #a5c7e7; border-radius: 3px; alternate-background-color: #f5f9ff;",
    "QTableWidget": "background-color: white; color: #000000; border: 1px solid #a5c7e7; border-radius: 3px; alternate-background-color: #f5f9ff;",
    "QHeaderView::section": "background: qlineargradient(x1:0, y1:0, x2:0, y2:1, stop:0 #ffffff, stop:0.5 #e8f2ff, stop:1 #d9e8fb); color: #000000; border: 1px solid #a5c7e7; padding: 5px; font-weight: bold;",
    "QProgressBar": "border: 1px solid #a5c7e7; border-radius: 3px; text-align: center;",
    "QProgressBar::chunk": "background-color: #3399ff; border-radius: 2px;",
    "QCheckBox": "color: #000000; spacing: 5px;",
    "QCheckBox::indicator": "width: 13px; height: 13px;",
    "QRadioButton": "color: #000000; spacing: 5px;",
    "QRadioButton::indicator": "width: 13px; height: 13px;",
    "QGroupBox": "color: #000000; border: 1px solid #a5c7e7; border-radius: 5px; margin-top: 10px; padding-top: 10px; background-color: #f8fbff;",
    "QGroupBox::title": "subcontrol-origin: margin; left: 10px; padding: 0 5px 0 5px;",
    "QSlider::groove:horizontal": "border: 1px solid #a5c7e7; height: 6px; background: #e8f2ff; border-radius: 3px;",
    "QSlider::handle:horizontal": "background: qlineargradient(x1:0, y1:0, x2:0, y2:1, stop:0 #f9fcff, stop:0.5 #e7f2ff, stop:1 #d4e7ff); border: 1px solid #8cb4e0; width: 18px; margin: -6px 0; border-radius: 3px;",
    "QSlider::groove:vertical": "border: 1px solid #a5c7e7; width: 6px; background: #e8f2ff; border-radius: 3px;",
    "QSlider::handle:vertical": "background: qlineargradient(x1:0, y1:0, x2:0, y2:1, stop:0 #f9fcff, stop:0.5 #e7f2ff, stop:1 #d4e7ff); border: 1px solid #8cb4e0; height: 18px; margin: 0 -6px; border-radius: 3px;",
    "QDockWidget": "background-color: #f0f5ff; color: #000000; border: 1px solid #a5c7e7;",
    "QDockWidget::title": "background: qlineargradient(x1:0, y1:0, x2:0, y2:1, stop:0 #f0f7ff, stop:1 #e0efff); padding: 3px;",
    "palette": {
        "window": "#f0f5ff",
        "window_text": "#000000",
        "base": "#ffffff",
        "alternate_base": "#f5f9ff",
        "text": "#000000",
        "button": "#e7f2ff",
        "button_text": "#000000",
        "bright_text": "#ffffff",
        "highlight": "#3399ff",
        "highlighted_text": "#ffffff",
        "link": "#0066cc",
        "link_visited": "#800080"
    }
}
