{
    "name": "КОШМАРНЫЙ ВИЗУАЛЬНЫЙ КОКТЕЙЛЬ",
    "widget": "background-color: #ff00ff; color: #00ff00; font-family: Comic Sans MS; font-size: 14pt;",
    "QMainWindow": "background-color: #ffff00; border: 5px dotted #ff0000;",
    "QWidget": "background-color: #00ffff; color: #ff00ff; background: qlineargradient(x1:0, y1:0, x2:1, y2:1, stop:0 #ff00ff, stop:0.5 #00ff00, stop:1 #0000ff);",
    "QLabel": "color: #ff0000; background-color: #00ff00; font-weight: 900; text-decoration: underline blink;",
    "QPushButton": "background-color: #ff00ff; color: #ffff00; border: 3px dashed #0000ff; padding: 10px; font-family: Papyrus; font-size: 16pt; border-radius: 0px;",
    "QPushButton:hover": "background-color: #00ff00; color: #ff00ff; border: 3px dotted #ff0000;",
    "QPushButton:pressed": "background-color: #0000ff; color: #ffff00; border: 3px double #00ff00;",
    "QToolBar": "background-color: #ff6600; border: 4px ridge #6600ff;",
    "QMenuBar": "background-color: #cc00ff; color: #00ffcc; font-family: 'Arial Black';",
    "QMenuBar::item:selected": "background-color: #ffff00; color: #ff00ff;",
    "QMenu": "background-color: #00ff99; color: #9900ff; border: 2px solid #ff0099;",
    "QMenu::item:selected": "background-color: #ff9900; color: #0099ff;",
    "QLineEdit": "background-color: #ffcc00; color: #3300ff; border: 3px groove #ff0033; padding: 8px; font-family: 'Times New Roman'; font-style: italic; font-weight: bold;",
    "QTextEdit": "background-color: #99ff00; color: #ff0066; border: 4px inset #00ccff; font-family: 'Courier New'; letter-spacing: 2px;",
    "QComboBox": "background-color: #ff00cc; color: #ccff00; border: 2px dotted #00ffcc;",
    "QSpinBox": "background-color: #00ff66; color: #ff6600; border: 3px outset #6600ff;",
    "QScrollBar:vertical": "background-color: #ff0000; width: 25px; border: 2px solid #00ff00;",
    "QScrollBar::handle:vertical": "background-color: #00ff00; min-height: 40px; border: 2px dotted #0000ff;",
    "QScrollBar::handle:vertical:hover": "background-color: #0000ff; border: 2px dashed #ff0000;",
    "QScrollBar:horizontal": "background-color: #00ffff; height: 25px; border: 2px solid #ff00ff;",
    "QScrollBar::handle:horizontal": "background-color: #ff00ff; min-width: 40px; border: 2px dotted #ffff00;",
    "QTabWidget::pane": "border: 5px double #ffff00; background: qradialgradient(cx:0.5, cy:0.5, radius: 1, fx:0.5, fy:0.5, stop:0 #ff00ff, stop:1 #00ff00);",
    "QTabBar::tab": "background-color: #00ffff; color: #ff00ff; padding: 12px 20px; border: 2px solid #ffff00; font-family: 'Impact';",
    "QTabBar::tab:selected": "background-color: #ff8800; color: #0088ff; border: 4px dotted #88ff00; transform: rotate(2deg);",
    "QListWidget": "background-color: #ffccff; color: #00cc00; border: 3px ridge #cc00cc; alternate-background-color: #ffffcc;",
    "QTableWidget": "background-color: #ccffff; color: #ff00cc; border: 4px groove #ffcc00; gridline-color: #ff0000;",
    "QHeaderView::section": "background: qlineargradient(x1:0, y1:0, x2:1, y2:0, stop:0 #ff00ff, stop:0.5 #00ff00, stop:1 #0000ff); color: #ffff00; border: 3px solid #ff6600; padding: 10px; font-weight: bold;",
    "QProgressBar": "background-color: #ffff00; color: #ff00ff; border: 2px solid #00ffff; text-align: center;",
    "QProgressBar::chunk": "background-color: #ff00ff; border: 1px solid #00ff00;",
    "QCheckBox": "color: #0000ff; background-color: #ffff00; spacing: 10px;",
    "QRadioButton": "color: #ff0000; background-color: #00ffff; spacing: 10px;",
    "QGroupBox": "background-color: #ffcc00; color: #3300ff; border: 3px groove #ff0033; font-family: 'Verdana'; font-size: 12pt;",
    "palette": {
        "window": "#ffff00",
        "window_text": "#ff00ff",
        "base": "#00ffff",
        "alternate_base": "#ff00cc",
        "text": "#00ff00",
        "button": "#ff00ff",
        "button_text": "#ffff00",
        "bright_text": "#000000",
        "highlight": "#00ff00",
        "highlighted_text": "#ff00ff",
        "link": "#ff0000",
        "link_visited": "#00ff00"
    }
}
