{
    "name": "негр",
    "widget": "background-color: #000000; color: #000000;",
    "QMainWindow": "background-color: #000000;",
    "QWidget": "background-color: #000000; color: #000000;",
    "QLabel": "color: #000000;",
    "QLabel:hover": "color: #202020;",
    "QPushButton": "background-color: #000000; color: #000000; border: 1px solid #000000; padding: 5px;",
    "QPushButton:hover": "background-color: #101010; color: #202020;",
    "QPushButton:pressed": "background-color: #000000; color: #000000;",
    "QToolBar": "background-color: #000000; border: none;",
    "QMenuBar": "background-color: #000000; color: #000000;",
    "QMenuBar::item:selected": "background-color: #0a0a0a; color: #202020;",
    "QMenu": "background-color: #000000; color: #000000;",
    "QMenu::item:selected": "background-color: #080808; color: #202020;",
    "QLineEdit": "background-color: #000000; color: #000000; border: 1px solid #000000; padding: 2px;",
    "QLineEdit:hover": "color: #202020;",
    "QTextEdit": "background-color: #000000; color: #000000; border: 1px solid #000000;",
    "QTextEdit:hover": "color: #202020;",
    "QComboBox": "background-color: #000000; color: #000000; border: 1px solid #000000;",
    "QComboBox:hover": "color: #202020;",
    "QSpinBox": "background-color: #000000; color: #000000; border: 1px solid #000000;",
    "QSpinBox:hover": "color: #202020;",
    "QScrollBar:vertical": "background-color: #000000; width: 12px;",
    "QScrollBar::handle:vertical": "background-color: #050505; min-height: 20px;",
    "QScrollBar::handle:vertical:hover": "background-color: #0f0f0f;",
    "QTabWidget::pane": "border: 1px solid #000000;",
    "QTabBar::tab": "background-color: #000000; color: #000000; padding: 5px 10px;",
    "QTabBar::tab:selected": "background-color: #080808; color: #202020;",
    "QTabBar::tab:hover": "color: #202020;",
    "QListWidget": "background-color: #000000; color: #000000; border: 1px solid #000000;",
    "QListWidget:hover": "color: #202020;",
    "QTableWidget": "background-color: #000000; color: #000000; border: 1px solid #000000;",
    "QTableWidget:hover": "color: #202020;",
    "QHeaderView::section": "background-color: #000000; color: #000000; border: 1px solid #000000; padding: 5px;",
    "QHeaderView::section:hover": "color: #202020;",
    "palette": {
        "window": "#000000",
        "window_text": "#000000",
        "base": "#000000",
        "alternate_base": "#010101",
        "text": "#000000",
        "button": "#000000",
        "button_text": "#000000",
        "bright_text": "#000000",
        "highlight": "#000000",
        "highlighted_text": "#202020"
    }
}
