{
    "name": "Тёмная тема",
    "widget": "background-color: #2b2b2b; color: #ffffff;",
    "QMainWindow": "background-color: #2b2b2b;",
    "QWidget": "background-color: #2b2b2b; color: #ffffff;",
    "QLabel": "color: #ffffff;",
    "QPushButton": "background-color: #3c3c3c; color: #ffffff; border: 1px solid #555555; padding: 5px;",
    "QPushButton:hover": "background-color: #4c4c4c;",
    "QPushButton:pressed": "background-color: #2c2c2c;",
    "QToolBar": "background-color: #353535; border: none;",
    "QMenuBar": "background-color: #353535; color: #ffffff;",
    "QMenuBar::item:selected": "background-color: #4c4c4c;",
    "QMenu": "background-color: #3c3c3c; color: #ffffff;",
    "QMenu::item:selected": "background-color: #505050;",
    "QLineEdit": "background-color: #3c3c3c; color: #ffffff; border: 1px solid #555555; padding: 2px;",
    "QTextEdit": "background-color: #3c3c3c; color: #ffffff; border: 1px solid #555555;",
    "QComboBox": "background-color: #3c3c3c; color: #ffffff; border: 1px solid #555555;",
    "QSpinBox": "background-color: #3c3c3c; color: #ffffff; border: 1px solid #555555;",
    "QScrollBar:vertical": "background-color: #353535; width: 12px;",
    "QScrollBar::handle:vertical": "background-color: #555555; min-height: 20px;",
    "QScrollBar::handle:vertical:hover": "background-color: #666666;",
    "QTabWidget::pane": "border: 1px solid #555555;",
    "QTabBar::tab": "background-color: #3c3c3c; padding: 5px 10px;",
    "QTabBar::tab:selected": "background-color: #505050;",
    "QListWidget": "background-color: #3c3c3c; color: #ffffff; border: 1px solid #555555;",
    "QTableWidget": "background-color: #3c3c3c; color: #ffffff; border: 1px solid #555555;",
    "QHeaderView::section": "background-color: #353535; color: #ffffff; border: 1px solid #555555; padding: 5px;",
    "palette": {
        "window": "#2b2b2b",
        "window_text": "#ffffff",
        "base": "#3c3c3c",
        "alternate_base": "#353535",
        "text": "#ffffff",
        "button": "#3c3c3c",
        "button_text": "#ffffff",
        "bright_text": "#ffffff",
        "highlight": "#0066cc",
        "highlighted_text": "#ffffff"
    }
}