{
    "name": "Халяль ✅✅✅",
    "widget": "background-color: #00FF00; color: #000000;",
    "QMainWindow": "background-color: #00FF00;",
    "QWidget": "background-color: #00FF00; color: #000000;",
    "QLabel": "color: #000000;",
    "QPushButton": "background-color: #00FF00; color: #000000; border: 2px solid #000000; padding: 5px; font-weight: bold;",
    "QPushButton:hover": "background-color: #00CC00;",
    "QPushButton:pressed": "background-color: #009900;",
    "QToolBar": "background-color: #00FF00; border: 2px solid #000000;",
    "QMenuBar": "background-color: #00FF00; color: #000000;",
    "QMenuBar::item:selected": "background-color: #00CC00;",
    "QMenu": "background-color: #00FF00; color: #000000; border: 2px solid #000000;",
    "QMenu::item:selected": "background-color: #00CC00;",
    "QLineEdit": "background-color: #00FF00; color: #000000; border: 2px solid #000000; padding: 2px;",
    "QTextEdit": "background-color: #00FF00; color: #000000; border: 2px solid #000000;",
    "QComboBox": "background-color: #00FF00; color: #000000; border: 2px solid #000000;",
    "QSpinBox": "background-color: #00FF00; color: #000000; border: 2px solid #000000;",
    "QScrollBar:vertical": "background-color: #00FF00; width: 12px; border: 1px solid #000000;",
    "QScrollBar::handle:vertical": "background-color: #000000; min-height: 20px;",
    "QScrollBar::handle:vertical:hover": "background-color: #333333;",
    "QTabWidget::pane": "border: 2px solid #000000; background-color: #00FF00;",
    "QTabBar::tab": "background-color: #00FF00; color: #000000; border: 1px solid #000000; padding: 5px 10px;",
    "QTabBar::tab:selected": "background-color: #00CC00;",
    "QListWidget": "background-color: #00FF00; color: #000000; border: 2px solid #000000;",
    "QTableWidget": "background-color: #00FF00; color: #000000; border: 2px solid #000000;",
    "QHeaderView::section": "background-color: #00FF00; color: #000000; border: 1px solid #000000; padding: 5px; font-weight: bold;",
    "palette": {
        "window": "#00FF00",
        "window_text": "#000000",
        "base": "#00FF00",
        "alternate_base": "#00CC00",
        "text": "#000000",
        "button": "#00FF00",
        "button_text": "#000000",
        "bright_text": "#000000",
        "highlight": "#000000",
        "highlighted_text": "#00FF00"
    }
}
