{
    "name": "Светлая тема",
    "widget": "background-color: #f0f0f0; color: #000000;",
    "QMainWindow": "background-color: #f0f0f0;",
    "QWidget": "background-color: #f0f0f0; color: #000000;",
    "QLabel": "color: #000000;",
    "QPushButton": "background-color: #e0e0e0; color: #000000; border: 1px solid #cccccc; padding: 5px;",
    "QPushButton:hover": "background-color: #d0d0d0;",
    "QPushButton:pressed": "background-color: #b0b0b0;",
    "QToolBar": "background-color: #e8e8e8; border: none;",
    "QMenuBar": "background-color: #e8e8e8; color: #000000;",
    "QMenuBar::item:selected": "background-color: #d0d0d0;",
    "QMenu": "background-color: #f8f8f8; color: #000000;",
    "QMenu::item:selected": "background-color: #e0e0e0;",
    "QLineEdit": "background-color: white; color: #000000; border: 1px solid #cccccc; padding: 2px;",
    "QTextEdit": "background-color: white; color: #000000; border: 1px solid #cccccc;",
    "QComboBox": "background-color: white; color: #000000; border: 1px solid #cccccc;",
    "QSpinBox": "background-color: white; color: #000000; border: 1px solid #cccccc;",
    "QScrollBar:vertical": "background-color: #e0e0e0; width: 12px;",
    "QScrollBar::handle:vertical": "background-color: #a0a0a0; min-height: 20px;",
    "QScrollBar::handle:vertical:hover": "background-color: #808080;",
    "QTabWidget::pane": "border: 1px solid #cccccc;",
    "QTabBar::tab": "background-color: #e0e0e0; padding: 5px 10px;",
    "QTabBar::tab:selected": "background-color: #d0d0d0;",
    "QListWidget": "background-color: white; color: #000000; border: 1px solid #cccccc;",
    "QTableWidget": "background-color: white; color: #000000; border: 1px solid #cccccc;",
    "QHeaderView::section": "background-color: #e8e8e8; color: #000000; border: 1px solid #cccccc; padding: 5px;",
    "palette": {
        "window": "#f0f0f0",
        "window_text": "#000000",
        "base": "#ffffff",
        "alternate_base": "#f8f8f8",
        "text": "#000000",
        "button": "#e0e0e0",
        "button_text": "#000000",
        "bright_text": "#ffffff",
        "highlight": "#0066cc",
        "highlighted_text": "#ffffff"
    }
}
