{
    "name": "Современная",
    "widget": "background-color: #000000; color: #ffffff; border-radius: 6px;",
    "QMainWindow": "background-color: #000000; border: none;",
    "QWidget": "background-color: #000000; color: #ffffff; border-radius: 6px;",
    "QLabel": "color: #ffffff; border: none;",
    "QPushButton": "background-color: #111111; color: #ffffff; border: 1px solid #333333; border-radius: 8px; padding: 6px 12px;",
    "QPushButton:hover": "background-color: #1a1a1a; border-color: #8a2be2;",
    "QPushButton:pressed": "background-color: #0a0a0a; border-color: #7b1fa2;",
    "QToolBar": "background-color: #0a0a0a; border: none; border-radius: 8px;",
    "QMenuBar": "background-color: #0a0a0a; color: #ffffff; border: none;",
    "QMenuBar::item:selected": "background-color: #1a1a1a; color: #8a2be2; border-radius: 4px;",
    "QMenu": "background-color: #0a0a0a; color: #ffffff; border: 1px solid #333333; border-radius: 8px;",
    "QMenu::item:selected": "background-color: #1a1a1a; color: #8a2be2; border-radius: 4px;",
    "QLineEdit": "background-color: #111111; color: #ffffff; border: 1px solid #333333; border-radius: 6px; padding: 6px;",
    "QLineEdit:focus": "border-color: #8a2be2;",
    "QTextEdit": "background-color: #111111; color: #ffffff; border: 1px solid #333333; border-radius: 6px;",
    "QComboBox": "background-color: #111111; color: #ffffff; border: 1px solid #333333; border-radius: 6px; padding: 4px;",
    "QComboBox:focus": "border-color: #8a2be2;",
    "QSpinBox": "background-color: #111111; color: #ffffff; border: 1px solid #333333; border-radius: 6px;",
    "QSpinBox:focus": "border-color: #8a2be2;",
    "QScrollBar:vertical": "background-color: #0a0a0a; border: none; width: 10px; border-radius: 5px;",
    "QScrollBar::handle:vertical": "background-color: #333333; min-height: 20px; border-radius: 5px;",
    "QScrollBar::handle:vertical:hover": "background-color: #8a2be2;",
    "QTabWidget::pane": "border: 1px solid #333333; border-radius: 8px; background-color: #0a0a0a;",
    "QTabBar::tab": "background-color: #111111; color: #aaaaaa; padding: 8px 16px; border-top-left-radius: 6px; border-top-right-radius: 6px; margin-right: 2px;",
    "QTabBar::tab:selected": "background-color: #0a0a0a; color: #8a2be2; font-weight: bold;",
    "QListWidget": "background-color: #111111; color: #ffffff; border: 1px solid #333333; border-radius: 6px; alternate-background-color: #0a0a0a;",
    "QTableWidget": "background-color: #111111; color: #ffffff; border: 1px solid #333333; border-radius: 6px; alternate-background-color: #0a0a0a;",
    "QHeaderView::section": "background-color: #0a0a0a; color: #ffffff; border: 1px solid #333333; padding: 6px;",
    "palette": {
        "window": "#000000",
        "window_text": "#ffffff",
        "base": "#111111",
        "alternate_base": "#0a0a0a",
        "text": "#ffffff",
        "button": "#111111",
        "button_text": "#ffffff",
        "bright_text": "#ffffff",
        "highlight": "#8a2be2",
        "highlighted_text": "#ffffff"
    }
}
